http://www.femmefood.com/2014/02/kakao-mandel-mlk.html,http://www.femmefood.com/2014-02-12-kakao-mandel-maelk/
http://www.femmefood.com/2014/02/quinoa-trte-med-laks-og-rosenkal_4.html,http://www.femmefood.com/2014-02-04-stilhed-quinoa-taerte-med-rosenkaal-og-laks/
http://www.femmefood.com/2013/11/kokos-lakse-gryde.html,http://www.femmefood.com/2013-11-05-kokos-lakse-gryde/
http://www.femmefood.com/2013/10/ralkker-rdbedesmoothie.html,http://www.femmefood.com/2013-10-21-raalaekker-roedbede-smoothie/
http://www.femmefood.com/2013/09/hindbrbanan-muffins-med-stevia-og-quinoa.html,http://www.femmefood.com/2013-09-12-hindbaer-banan-muffins-med-stevia-og-quinoa/
http://www.femmefood.com/2013/09/ristet-musli-med-soja-yogurt-og-trrede.html,http://www.femmefood.com/2013-09-09-ristet-mysli-med-soja-yoghurt-og-toerrede-paerer/
http://www.femmefood.com/2013/08/super-sprde-pandekager.html,http://www.femmefood.com/2013-08-26-super-sproede-pandekager-med-jordbaeris/
http://www.femmefood.com/2013/08/risrugbrd.html,http://www.femmefood.com/2013-08-23-risrugbroed/
http://www.femmefood.com/2013/08/fiskedeller-med-blomkal.html,http://www.femmefood.com/2013-08-21-fiskedeller-med-blomkaal/
http://www.femmefood.com/2013/08/femme-food-sstrene.html,http://www.femmefood.com/om-femme-food/
http://www.femmefood.com/2013/08/kernekraft-sandwichbolle.html,http://www.femmefood.com/2013-08-04-kernekraft-sandwichbolle/
http://www.femmefood.com/2013/07/basic-2-hjemmelavet-remolade.html,http://www.femmefood.com/2013-07-28-basic-2-hjemmelavet-remolade/
http://www.femmefood.com/2013/07/rlikke-og-hyldeblomstsaft-med-stevia.html,http://www.femmefood.com/2013-07-25-roellike-og-hyldeblomstsaft-med-stevia/
http://www.femmefood.com/2013/07/burger-med-gedeost-og-advokadomajo.html,http://www.femmefood.com/2013-07-21-burger-med-gedeost-og-advokadomajo/
http://www.femmefood.com/2013/07/glutenfrie-plsebrd.html,http://www.femmefood.com/2013-07-14-glutenfrie-poelsebroed/
http://www.femmefood.com/2013/07/basic-1-hjemmelavet-ketchup-med-og-uden.html,http://www.femmefood.com/2013-07-08-basic-1-hjemmelavet-ketchup-med-og-uden-sennep/
http://www.femmefood.com/2013/07/brndenldete-med-anis-og-lakridsrod.html,http://www.femmefood.com/2013-07-07-braendnaelde-te-med-anis-og-lakridsrod/
http://www.femmefood.com/2013/06/hjemmerrt-hvidlgsmajo-med-ovenbagte.html,http://www.femmefood.com/2013-06-30-hjemmeroert-hvidloegsmajo-med-ovnbagte-fritter/
http://www.femmefood.com/2013/06/pulled-pork-burger-med-femme-food-touch.html,http://www.femmefood.com/2013-06-29-pulled-pork-burger-med-femme-food-touch/
http://www.femmefood.com/2013/06/citronfromage.html,http://www.femmefood.com/2013-06-24-citronfromage/
http://www.femmefood.com/2013/06/jordbr-med-chokoladetop.html,http://www.femmefood.com/2013-06-15-jordbaer-med-chokoladetop/
http://www.femmefood.com/2013/06/kernekraft-rugbrd.html,http://www.femmefood.com/2013-06-13-kernekraft-rugbroed/
http://www.femmefood.com/2013/06/sol-sommer-og-spidskal.html,http://www.femmefood.com/2013-06-10-ovnbagt-laks-med-smaekker-laekker-spidskaals-kartoffelsalat/
http://www.femmefood.com/2013/06/ovnbagt-laks-med-smkker-lkker-spidskals.html,http://www.femmefood.com/2013-06-10-ovnbagt-laks-med-smaekker-laekker-spidskaals-kartoffelsalat/
http://www.femmefood.com/2013/06/ralkre-rugbrdsmuffins.html,http://www.femmefood.com/2013-06-09-raalaekre-rugbroedsmuffins/
http://www.femmefood.com/2013/06/glutenfrie-kerneknkbrd.html,http://www.femmefood.com/2013-06-02-glutenfrie-kerneknaekbroed/
http://www.femmefood.com/2013/05/sommer-choko-shake.html,http://www.femmefood.com/2013-05-30-sommer-choko-shake/
http://www.femmefood.com/2013/05/glutenfrie-gulerodsboller-med.html,http://www.femmefood.com/2013-05-28-glutenfrie-gulerodsboller-med-oliventapenade/
http://www.femmefood.com/2013/05/velkommen-til-femme-food.html,http://www.femmefood.com/om-femme-food/
http://www.femmefood.com/2013/05/glutenfrie-boghvedeboller.html,http://www.femmefood.com/2013-05-23-glutenfrie-boghvedeboller/
http://www.femmefood.com/2013/05/kk-kanel-imod-sukkertrangen.html,http://www.femmefood.com/2013-05-22-kaek-kanel-imod-sukkertrang/
http://www.femmefood.com/2013/05/asiatiske-fiskedeller-med-rodfrugtemos.html,http://www.femmefood.com/2013-05-21-asiatiske-fiskedeller-med-rodfrugtemos/
http://www.femmefood.com/2013/05/laktose-og-glutenfri-boghvedegrd-et-af.html,http://www.femmefood.com/2013-05-20-boghvedegroed-med-kanel-og-blaabaer/
http://www.femmefood.com/2013/05/lkre-pillerejer-fotograf-og-layouter.html,http://www.femmefood.com/2013-05-19-laekre-pillerejer/
http://www.femmefood.com/2013/04/cool-quinoatrte-med-laks-denne-lkre.html,http://www.femmefood.com/2013-04-17-cool-quinoataerte-med-laks/
http://www.femmefood.com/2013/04/fotograf-winnie-methmann-www.html,http://www.femmefood.com/om-femme-food/
